doc_id,section_ref,target_skill_digit,verbs_extracted,raw_text
special-mission-aviator-ca90ad358d,3.,5,records,"Qualification in and possession of AFSC 1A133. Experience is mandatory in functions such as aircraft and performance weight and balance computations, aircraft records maintenance, and aircraft systems maintenance and inspections; cargo restraint techniques; communications; current flying directives; interpreting diagrams, loading charts, and applicable technical publications; border agency clearance requirements and publications; operation of cargo loading equipment; and cargo and personnel airdrop techniques and equipment; inspecting, operating, and troubleshooting aircraft and airborne sensor detection systems and weapons systems; performing scanning duties; using NVGs; emergency equipment and in-flight emergency procedures; certify and maintain Mission Ready (MR) and/or Combat Mission Ready (CMR) status; experience and understanding in aviation organizational functions and shops to include Training, Tactics, Scheduling, and Evaluations."
special-mission-aviator-ca90ad358d,3.,7,,"Qualification in and possession of AFSC 1A153. Also, experience is mandatory in performing or supervising functions such as Special Missions Aviation activities; types, capacities, and configuration of transport aircraft; airdrop techniques; weight and balance factors; arithmetic; emergency equipment and in-flight emergency procedures; personal equipment and oxygen use; communications; current flying directives; interpreting diagrams, loading charts, and applicable technical publications; border agency clearance requirements and forms; cargo restraint techniques; inspecting, operating, and troubleshooting airborne weapons systems; performing scanner duties, NVG applications, ensuring safe and effective weapon employment, aircrew training and evaluation, and the accomplishment of all necessary reports and forms. Ability to supervise aviation organizational functions and shops to include Training, Tactics, Scheduling, and Evaluations."
special-mission-aviator-ca90ad358d,3.,9,,Qualification in and possession of AFSC 1A173 and experience managing and directing Special Missions Aviation functions and activities.
airborne-cryptologic-language-analyst-54981e8af1,3.,5,,Qualification in and possession of AFSC 1A831X. Completion of IQT with valid Form 8. Completion of B-CDP.
airborne-cryptologic-language-analyst-54981e8af1,3.,7,,Qualification in and possession of AFSC 1A851X. Valid Form 8. Completion of I-CDP.
airborne-intelligence-surveillance-and-reconnaissance-isr-operator-03280ddbe3,3.,7,,Qualification in and possession of AFSC 1A852. Valid Form 8. Completion of I-CDP and twelve months experience performing or supervising airborne Intelligence Surveillance Reconnaissance functions.
cyber-warfare-operations-d403b558c0,3.,3,,Completion of the Cyber Warfare Operations Apprentice Course (E3ALR1B431 0A1A; PDS Code: 02S)
cyber-warfare-operations-d403b558c0,3.,5,,"Qualification in and possession of AFSC 1B431 and experience performing functions such as CNO/cryptologic activities, OCO, DCO, or DoDIN Operations."
cyber-warfare-operations-d403b558c0,3.,7,,"Qualification in and possession of AFSC 1B451 and experience performing and supervising functions such as CNO/cryptologic activities, OCO, DCO, or DoDIN Operations."
cyber-warfare-operations-d403b558c0,3.,9,,"Qualification in and possession of AFSC 1B471 and experience performing and supervising functions such as CNO/cryptologic activities, OCO, DCO, or DoDIN Operations."
aviation-resource-management-63fed5cb4e,3.,5,,"Qualification in and possession of AFSC 1C032. Also, experience in aircrew, scheduling aircrew training, and host base/squadron aviation resource management functional areas."
aviation-resource-management-63fed5cb4e,3.,7,,"Qualification in and possession of AFSC 1C052. Also, experience in performing or supervising functions experience in aircrew, scheduling aircrew training, and host base/squadron aviation resource management functional areas."
aviation-resource-management-63fed5cb4e,3.,9,,"Qualification in and possession of AFSC 1C072. Also, experience in preparing and interpreting aviation and parachutist resource management policies and directives. The member must have the SEI 066."
air-traffic-control-64be7e7ef1,3.,5,,"Qualification in and possession of AFSC 1C131. Also, experience is mandatory performing functions involving actual control of aircraft."
air-traffic-control-64be7e7ef1,3.,7,,"Qualification in and possession of AFSC 1C151. Also, experience is mandatory supervising or performing ATC functions."
air-traffic-control-64be7e7ef1,3.,9,,"Qualification in and possession of AFSC 1C171. Also, experience is mandatory managing ATC functions."
all-domain-command-and-control-operations-8e81736a84,3.,5,,"Qualification in and possession of AFSC 1C331. Also, experience performing functions of C2 operations."
all-domain-command-and-control-operations-8e81736a84,3.,7,,"Qualification in and possession of AFSC 1C351. Also, experience performing or supervising functions of C2 operations."
all-domain-command-and-control-operations-8e81736a84,3.,9,,"Qualification in and possession of AFSC 1C371. Also, experience managing and directing C2 Operations functions."
battle-management-operations-529fa2b2a9,3.,5,,"Qualification in and possession of AFSC 1C531. Also, experience performing tactical and/or operational BMC2 functions."
battle-management-operations-529fa2b2a9,3.,5,,"Qualification in and possession of AFSC 1C551 or 1C531D. Experience in management of activities within the operational environment based on commander’s direction and guidance (JP3-01), surveillance and maintenance of operational BMC2 equipment and network functions."
battle-management-operations-529fa2b2a9,3.,7,,"Qualification in and possession of AFSC 1C551. Also, experience performing or supervising teams and crews executing functions such as aerospace surveillance, AOC operations, combat identification, data link operations, EA, and EP activities."
battle-management-operations-529fa2b2a9,3.,7,,"Qualification in and possession of AFSC 1C771 or 1C551D. Also, experience performing or supervising teams and crews executing functions of surveillance and battle management in addition to maintaining BMC2 equipment and network functions."
space-systems-operations-109ad67b73,3.,5,,"Qualification in and possession of AFSC 1C631, completion of 1C651, 1 year of experience in a 1C6X1 position, and ability to recommend space capabilities for integration in the joint/operational planning process to achieve CCMD objectives."
space-systems-operations-109ad67b73,3.,7,,"Qualification in and possession of specialty code 1C651, experience performing or supervising space systems operations functions and activities, and assist in the development and integration of TTPs into operations."
space-systems-operations-109ad67b73,3.,9,,"Qualification in and possession of AFSC 1C671. Also, experience managing space systems operations activities."
airfield-management-2662fc5d30,3.,5,checks,"Qualification in and possession of AFSC 1C731. Also, experience in Airfield Management Operations functions such as: airfield checks, NOTAM processing, emergency response actions, and maintaining flight information data and supportive displays."
airfield-management-2662fc5d30,3.,7,checks;repairs,"Qualification in and possession of AFSC 1C751 and SEI 155. Also, experience performing and supervising Airfield Management functions such as; airfield checks and inspections, overseeing airfield construction or repairs, processing airfield waivers, or conducting airfield surveys. NOTE: TSgt or above must obtain Airfield Manager qualifications to gain an SEI 368."
airfield-management-2662fc5d30,3.,9,,"Qualification in and possession of AFSC 1C771 and SEI 368. Also, experience managing functions such as airfield management activities, preparing or reviewing policies and directives for airfield management or ensuring coordination with agencies to improve airfield management functions."
radar-airfield-weather-systems-3f1c8127d3,3.,5,,"Qualification in and possession of AFSC 1C833. Also, experience is mandatory in functions such as testing, calibrating, cabling, or repairing RAWS, associated communications and identification equipment, operating RAWS. Use of test equipment and interpretation of test results is mandatory."
radar-airfield-weather-systems-3f1c8127d3,3.,7,,"Qualification in and possession of AFSC 1C853. Also, experience is mandatory in performing or supervising functions such as project management, siting, installing, repairing, deploying, overhauling, modifying, or flight inspecting RAWS, and associated communications and identification equipment."
cable-and-antenna-66299076fb,3.,5,,"Qualification in and possession of AFSC 1D733. Also, experience in functions such as installing, maintaining, and repairing communications cable and antenna systems, including electrical equipment and transmission lines."
cable-and-antenna-66299076fb,3.,7,,"Qualification in and possession of AFSC 1D753. Also, experience performing or supervising functions in areas such as project installation and maintenance actions, communications cables, and antennas, and related electrical hardware."
cybersecurity-5688071d7a,3.,5,,"Qualification in and possession of AFSC 1D735, Experience performing cybersecurity functions and/or activities."
cybersecurity-5688071d7a,3.,7,,Qualification in and possession of AFSC 1D755. Experience supervising cybersecurity functions and/or activities or resource and project management.
all-source-intelligence-analyst-c728656a40,3.,5,,Qualification in and possession of AFSC 1N031.
all-source-intelligence-analyst-c728656a40,3.,7,,Qualification in and possession of AFSC 1N051.
geospatial-intelligence-39dedb51c8,3.,5,,Qualification in and possession of AFSC 1N131X.
geospatial-intelligence-39dedb51c8,3.,7,,"Qualification in and possession of AFSC 1N151X. Also, experience training or supervising exploitation team activities in support of geospatial intelligence production."
signals-intelligence-ae6e8b763c,3.,5,,Qualification in and possession of AFSC 1N231A.
signals-intelligence-ae6e8b763c,3.,5,,Qualification in and possession of AFSC 1N231C.
signals-intelligence-ae6e8b763c,3.,7,,Qualification in and possession of AFSC 1N251A.
signals-intelligence-ae6e8b763c,3.,7,,Qualification in and possession of AFSC 1N251C.
cryptologic-language-analyst-1308ecb2ad,3.,5,,Qualification in and possession of respective AFSC 1N331X and experience performing cryptologic activities.
cryptologic-language-analyst-1308ecb2ad,3.,7,,Qualification in and possession of respective AFSC 1N351X and experience performing or supervising cryptologic activities.
cyber-intelligence-152bf55c18,3.,5,,Qualification in and possession of AFSC 1N431A and experience performing cryptologic activities.
cyber-intelligence-152bf55c18,3.,7,,Qualification in and possession of AFSC 1N451A and experience performing or supervising cryptologic activities.
cryptologic-analyst-reporter-5e114e22f7,3.,5,,Qualification in and possession of AFSC 1N432 and experience performing cryptologic activities.
cryptologic-analyst-reporter-5e114e22f7,3.,7,,Qualification in and possession of AFSC 1N452 and experience performing or supervising cryptologic activities.
targeting-analyst-e2374f1654,3.,5,,Qualification in and possession of AFSC 1N831.
targeting-analyst-e2374f1654,3.,7,,Qualification in and possession of AFSC 1N851.
safety-career-field-1d56c78216,3.,5,,"Qualification in and possession of AFSC 1S031. Also, experience in functions such as conducting safety programs, assisting in performing inspections and investigations, training principles, or risk assessment techniques."
safety-career-field-1d56c78216,3.,7,,"Qualification in and possession of AFSC 1S051. Also, experience performing, or supervising functions related to safety activities."
safety-career-field-1d56c78216,3.,9,,"Qualification in and possession of AFSC 1S071. Also, experience managing safety activities and functions."
remotely-piloted-aircraft-rpa-pilot-d9908974ff,3.,5,,Qualification in and possession of AFSC 1U131.
remotely-piloted-aircraft-rpa-pilot-d9908974ff,3.,7,,Qualification in and possession of AFSC 1U151.
remotely-piloted-aircraft-rpa-pilot-d9908974ff,3.,9,,"Qualification in and possession of 1U171, and experience in managing RPA Operations."
weather-70c89b5f1b,3.,5,,"Qualification in and possession of AFSC 1W031. Also, experience in collecting and analyzing atmospheric data, performing meteorological watch, preparing forecast products, and issuing weather watches, warnings, and advisories."
weather-70c89b5f1b,3.,7,,"Qualification in and possession of AFSC 1W051. Also, experience in managing weather integration into operations, determining observation criteria, preparing special support requests, scheduling personnel, providing technical leadership, and directing training and orientation of new personnel."
weather-70c89b5f1b,3.,9,,"Qualification in and possession of AFSC 1W071. Also, experience in tailoring unit capabilities, managing weather resources to meet mission requirements, coordinating with MAJCOM and Air Staff, and exploiting the enterprise level capabilities of the Weather career field to advance operational and strategic goals of the AF."
weather-70c89b5f1b,3.,0,,Qualification in and possession of AFSC 1W091 and must be a CMSgt or CMSgt select.
pararescue-323d661b1f,3.,5,,"Qualification in and possession of AFSC 1Z131. Also, experience performing Pararescue duties."
pararescue-323d661b1f,3.,7,,"Qualification in and possession of AFSC 1Z151. Also, experience performing or supervising Pararescue duties."
pararescue-323d661b1f,3.,9,,"Qualification in and possession of AFSC 1Z171. Also, experience performing or managing Pararescue functions as a Pararescue team leader."
combat-control-f6728fb2c6,3.,5,,"Qualification in and possession of AFSC 1Z231. Also, experience in in performing Combat Control duties, and successful completion of Special Tactics Training Squadron (STTS) 1Z251 specific Training."
combat-control-f6728fb2c6,3.,7,,"Qualification in and possession of AFSC 1Z251. Also, experience performing and supervising Combat Control duties."
combat-control-f6728fb2c6,3.,9,,"Qualification in and possession of AFSC 1Z271. Also, experience performing and managing Combat Control functions as a flight leader."
tactical-air-control-party-a1a5d2972d,3.,5,,"Qualification in and possession of AFSC 1Z331. Certification as a JTAC as specified in AFI 13-112V1, AFMAN 13-112V2 (or AFMAN 10-3505V1 and AFMAN 10-3505V2 once published) and award of SEI 914."
tactical-air-control-party-a1a5d2972d,3.,7,,Qualification in and possession of AFSC 1Z351.
tactical-air-control-party-a1a5d2972d,3.,9,,"Qualification in and possession of AFSC 1Z371. Also, experience in leading and managing Special Warfare operations and teams involving-but not limited to-Precision Strike, Joint Fires Integration, and Military Decision-Making Process."
special-reconnaissance-52555c3f30,3.,5,,Qualification in and possession of AFSC 1Z431. Experience performing SR duties.
special-reconnaissance-52555c3f30,3.,7,,Qualification in and possession of AFSC 1Z451. Experience performing and supervising SR duties.
special-reconnaissance-52555c3f30,3.,9,,Qualification in and possession of AFSC 1Z471. Experience performing and managing SR functions as a Special Tactics (ST) team leader.
avionics-test-station-components-and-electronic-warfare-systems-52f7ff4057,3.,5,,"Qualification in and possession of AFSC 2A031. Also, experience in functions such as identifying performance and isolating malfunctions encountered with avionic components; using and repairing avionic electrical, electronic, and mechanical equipment; or aligning and calibrating avionic test stations and SE."
avionics-test-station-components-and-electronic-warfare-systems-52f7ff4057,3.,7,,"Qualification in and possession of AFSC 2A051. Also, experience performing or supervising functions such as installing, inspecting, repairing, or overhauling avionic test stations and SE."
mhu-139-electrical-environmental-and-avionics-technician-c15fd4eef9,3.,5,,"Qualification in and possession of AFSC 2A231. Also, experience isolating malfunctions, removing, and installing line replaceable units, and use of test and ground support equipment (SE)."
tactical-aircraft-maintenance-1ae1eba20a,3.,5,,"Qualification in and possession of AFSC 2A333X. Also, experience in functions such as repairing and maintaining aircraft or related installed equipment."
tactical-aircraft-maintenance-1ae1eba20a,3.,7,,"Qualification in and possession of AFSC 2A353X. Also, experience performing or supervising functions such as installing, inspecting, repairing, or overhauling aircraft structures, systems, and components."
fighter-aircraft-integrated-avionics-d1b0c2de5a,3.,5,,"Qualification in and possession of AFSC 2A334X. Also, experience in functions such as isolating malfunctions, installing line replaceable units, and using AGE necessary to maintain avionics systems."
fighter-aircraft-integrated-avionics-d1b0c2de5a,3.,7,,"Qualification in and possession of AFSC 2A354X. Also, experience performing or supervising functions such as installing, maintaining, or inspecting A-10/U-2, F-15, or F-16 avionics systems."
advanced-fighter-aircraft-integrated-avionics-8bd0f39cb2,3.,5,,"Qualification in and possession of AFSC 2A335X. Also, experience in installing line replaceable modules/units, practical use of system theory, experience in maintaining avionics or A&E systems, and utilizing AGE necessary to maintain avionics or A&E systems."
advanced-fighter-aircraft-integrated-avionics-8bd0f39cb2,3.,7,,"Qualification in and possession of AFSC 2A355X. Also, experience in isolating malfunctions, and performing or supervising functions such as malfunction analysis or installation of A&E systems."
tactical-aircraft-maintenance-716f26ba89,3.,5,,Qualification in and possession of AFSC 2A337X.
tactical-aircraft-maintenance-716f26ba89,3.,7,,Qualification in and possession of AFSC 2A357X.
airlift-special-mission-aircraft-maintenance-4f5bf9d7a2,3.,5,,Qualification in and possession of AFSC 2A531X or previous award of 2A338X.
airlift-special-mission-aircraft-maintenance-4f5bf9d7a2,3.,7,,Qualification in and possession of AFSC 2A551 or previous award of 2A358X.
helicopter-tiltrotor-aircraft-maintenance-854ba5e034,3.,5,,Qualification in and possession of AFSC 2A532X
helicopter-tiltrotor-aircraft-maintenance-854ba5e034,3.,7,,Qualification in and possession of AFSC 2A552X.
refuel-bomber-aircraft-maintenance-d7fcfc3a41,3.,5,,Qualification in and possession of AFSC 2A534X.
refuel-bomber-aircraft-maintenance-d7fcfc3a41,3.,7,,Qualification in and possession of AFSC 2A554X.
aerospace-propulsion-8a9e5bfaa1,3.,5,,"Qualification in and possession of AFSC 2A631C. Also, experience in functions such as installing, maintaining, isolating malfunctions, or repairing aircraft turbine engines."
aerospace-propulsion-8a9e5bfaa1,3.,5,,"Qualification in and possession of AFSC 2A631D or 2A631E. Also, experience in functions such as installing, maintaining, or repairing aircraft turbine engines or propellers."
aerospace-propulsion-8a9e5bfaa1,3.,5,,"Qualification in and possession of AFSC 2A631H. Also, experience in functions such as installing, maintaining, isolating malfunctions, or repairing aircraft turbine engines or propellers."
aerospace-propulsion-8a9e5bfaa1,3.,7,,"Qualification in and passion of AFSC 2A651C. Also, experience performing or supervising repair functions involving installation, repair, analyzing and isolating malfunctions, testing, or modification of engines."
aerospace-propulsion-8a9e5bfaa1,3.,7,,"Qualification in and possession of AFSC 2A651F. Also, experience performing or supervising functions involving installation, repair, analyzing and isolating malfunctions, testing, or modification of engines."
aerospace-propulsion-8a9e5bfaa1,3.,7,,"Qualification in and possession of AFSC 2A651H. Also, experience performing or supervising functions involving installation, repair, analyzing and isolating malfunctions, testing, or modification of engines and/or propellers."
aerospace-propulsion-8a9e5bfaa1,3.,9,,"Qualification in and possession of AFSC 2A671F. Also, experience managing or directing repair activities for aerospace aircraft engines, propellers, and associated maintenance functions."
aerospace-ground-equipment-4d1dcea3af,3.,5,,"Qualification in and possession of AFSC 2A632. Also, experience in functions such as inspecting, modifying, or repairing AGE."
aerospace-ground-equipment-4d1dcea3af,3.,7,,"Qualification in and possession of AFSC 2A652. Also, experience performing or supervising functions such as inspecting, modifying, repairing, or troubleshooting AGE."
aerospace-ground-equipment-4d1dcea3af,3.,9,,"Qualification in and possession of AFSC 2A672. Also, experience managing AGE functions and activities."
aircrew-egress-systems-feb3d8b00e,3.,5,,"Qualification in and possession of AFSC 2A633. Also, experience in functions such as removing, inspecting, installing, repairing, and modifying aircrew egress systems and components."
aircrew-egress-systems-feb3d8b00e,3.,7,,"Qualification in and possession of AFSC 2A653. Also, experience performing, or supervising functions involved in maintaining and inspecting egress systems and subsystems."
aircraft-fuel-systems-061ecdac5b,3.,5,,"Qualification in and possession of AFSC 2A634. Also, experience in functions such as installing, repairing, or modifying aircraft fuel systems and related components."
aircraft-fuel-systems-061ecdac5b,3.,7,,"Qualification in and possession of AFSC 2A654. Also, experience supervising functions such as installing, repairing, or modifying aircraft fuel systems."
aircraft-hydraulic-systems-dc5805a472,3.,5,checks,"Qualification in and possession of AFSC 2A635. Also, experience in functions such as removing and installing system components, performing operational checks, troubleshooting simple malfunctions using system schematics, and repairing hydraulic, mechanical, and electrical/electronic systems, components, and SE."
aircraft-hydraulic-systems-dc5805a472,3.,7,,"Qualification in and possession of AFSC 2A655. Also, experience performing or supervising maintenance functions in repair of aircraft hydraulic, mechanical, and electrical/electronic systems, components, and SE."
aircraft-electrical-and-environmental-systems-7f79721bbe,3.,5,,"Qualification in and possession of AFSC 2A636. Also, experience maintaining electrical, electronic, and environmental systems."
aircraft-electrical-and-environmental-systems-7f79721bbe,3.,7,,"Qualification in and possession of AFSC 2A656. Also, experience performing or supervising E & E maintenance."
aircraft-metals-technology-8f5e321b16,3.,5,,"Qualification in and possession of AFSC 2A731. Also, experience in functions such as gas and electric welding, boring, milling, shaping, grinding metal, or using precision measuring devices."
aircraft-metals-technology-8f5e321b16,3.,7,,"Qualification in and possession of AFSC 2A751. Also, experience performing or supervising functions dealing with welding, using precision measuring devices, and machining."
nondestructive-inspection-82eb984d27,3.,5,,"Qualification in and possession of AFSC 2A732. Also, experience flaw detection process controls, equipment calibration and maintenance, safety directives, and hazardous waste programs."
nondestructive-inspection-82eb984d27,3.,7,,"Qualification in and possession of AFSC 2A752. Also, experience supervising functions such as those involved in a nondestructive inspection laboratory."
aircraft-structural-maintenance-3582024dc8,3.,5,,"Qualification in and possession of AFSC 2A733. Also, experience in functions such as fabricating, repairing, assembling, or installing aircraft metals, LO materials, plastics, fiberglass, composites, or honeycomb parts; or corrosion identification, removal, and applying coatings and markings."
aircraft-structural-maintenance-3582024dc8,3.,7,,"Qualification in and possession of AFSC 2A753. Also, experience supervising functions dealing with corrosion identification, prevention, and repair; applying protective coatings and markings; or fabricating, assembling, and repairing metal, fiberglass, composites, honeycomb, and plastics."
heavy-aircraft-integrated-avionics-33838ec450,3.,5,,"Qualification in and possession of AFSC 2A934. Also, experience isolating malfunctions, removing, and installing LRUs, and use of test and ground support equipment."
heavy-aircraft-integrated-avionics-33838ec450,3.,7,,"Qualification in and possession of AFSC 2A954* or 2A251. Also, experience performing or supervising functions such as analyzing and isolating integrated avionics systems malfunctions and using test equipment."
fuels-career-field-8d3efa7a68,3.,5,,Qualification in and possession of AFSC 2F031. Completion of all 5-level competency objectives and course requirements outlined in 2F Career Field Education and Training Plan (CFETP).
fuels-career-field-8d3efa7a68,3.,7,,"Qualification in and possession of AFSC 2F051, completion of all 7-level competency objectives and courses outlined in CFETP and must complete7-Level Petroleum Logistics Management Course (PLMC) Training Course."
fuels-career-field-8d3efa7a68,3.,9,,"Qualification in and possession of AFSC 2F071, completion courses required, awarded 034 SEI and must complete the Planning Operations & Logistics (POL) course."
missile-and-space-systems-electronic-maintenance-b169edec36,3.,7,,Qualification in and possession of AFSC 2M051A/51B and experience performing or supervising missile maintenance.
missile-and-space-systems-maintenance-5db23988b2,3.,5,,"Qualification in and possession of AFSC 2M032. Also, experience in functions such as missile, space launch, and R&D, launch control, or preparation of launch facilities."
missile-and-space-systems-maintenance-5db23988b2,3.,7,,"Qualification in and possession of AFSC 2M052. Also, experience performing or supervising missile maintenance, space lift, or laboratory R & D activities."
missile-and-space-facilities-1da398d5f0,3.,5,,"Qualification in and possession of AFSC 2M033. Also, experience in functions such as maintaining and operating missile and space facilities, R&D facilities, or related support equipment."
missile-and-space-facilities-1da398d5f0,3.,7,,"Qualification in and possession of AFSC 2M053. Also, experience performing or supervising power maintenance on generation, environmental control system, missile, space lift, or R&D facilities."
precision-measurement-equipment-laboratory-da23bbf98e,3.,5,,"Qualification in and possession of AFSC 2P031. Also, experience in functions such as troubleshooting, repairing, modifying, aligning, calibrating, and or certifying TMDE."
precision-measurement-equipment-laboratory-da23bbf98e,3.,7,,"Qualification in and possession of AFSC 2P051. Also, experience in laboratory supervision and planning; advanced troubleshooting, repairing, modifying, and certifying complex TMDE."
precision-measurement-equipment-laboratory-da23bbf98e,3.,9,,"Qualification in and possession of AFSC 2P071. Also, experience in establishing training programs and requirements; planning supply, facility, and budget requirements; managing the QP; establishing support agreements; and reimbursement procedures."
maintenance-management-3d5fd6728b,3.,5,,"Qualification in and possession of AFSC 2R231. Also, experience in maintenance management activities."
maintenance-management-3d5fd6728b,3.,7,,"Qualification in and possession of AFSC 2R251. Also, experience performing or supervising maintenance management functions and activities."
materiel-management-86cb65f289,3.,5,records,"Qualification in and possession of AFSC 2S031. Also, experience is mandatory in preparing and maintaining documentation and records associated with materiel management."
materiel-management-86cb65f289,3.,7,,"Qualification in and possession of AFSC 2S051. Also, experience is mandatory supervising storage facilities, analyzing trends in stockage policy and customer support, and operating contingency processing functions."
materiel-management-86cb65f289,3.,9,,"Qualification in and possession of AFSC 2S071. Also, experience is mandatory managing functions such as computing stock control levels; receiving, storing, and issuing property."
traffic-management-operations-5645296ef8,3.,5,,"Qualification in and possession of AFSC 2T031. Also, experience in all three core functional areas of Traffic Management (Personal Property, Cargo, and Passenger), and certification of assigned work-center tasks."
traffic-management-operations-5645296ef8,3.,7,,"Qualification in and possession of AFSC 2T051. Also, experience in and supervision of all three core functional areas of Traffic Management (Personal Property, Cargo, and Passenger), and certification of assigned work-center tasks."
traffic-management-operations-5645296ef8,3.,9,,"Qualification in and possession of AFSC 2T071. Also, experience with the management of moving personal property, cargo, and passengers, including freight classification/routing and carrier selection."
ground-transportation-e0b1af36b6,3.,5,records,"Qualification in and possession of AFSC 2T131. Also, experience performing vehicle operations functions such as inspecting, servicing, operating, scheduling, and dispatching vehicles; controlling equipment and performing custodial duties; or preparing, reviewing, and maintaining vehicle forms and records."
ground-transportation-e0b1af36b6,3.,7,,"Qualification in and possession of AFSC 2T151. Also, experience performing or supervising functions such as vehicle dispatch, planning and scheduling transportation support, administering operator qualification and licensing program, developing cost center resource estimates, or investigating accidents or incidents."
ground-transportation-e0b1af36b6,3.,9,records,"Qualification in and possession of AFSC 2T171. Also, experience managing vehicle operations functions such as vehicle dispatch, operator records, and licensing."
air-transportation-1a3d5388b8,3.,5,records,"Qualification in and possession of 2T231 AFSC. In addition, experience in functions such as loading and unloading aircraft; operating automated or manual materials handling and other loading equipment and processing, scheduling, and maintaining records related to passenger and cargo movement."
air-transportation-1a3d5388b8,3.,7,plans;records,"Qualification in and possession of 2T251 AFSC. In addition, experience supervising functions such as preparing aircraft load plans; loading and unloading aircraft; operating automated and manual materials handling equipment, processing, scheduling, and maintaining records on passenger movement by airlift."
air-transportation-1a3d5388b8,3.,9,,"Qualification in and possession of 2T271 AFSC. Also, experience and general knowledge of air transportation systems and mobility operations to include: hub and spoke dynamics, air transportation organizational constructs, and passenger and cargo movement procedures through the defense transportation system. Note: ARC personnel must have a minimum of two years as a 2T271, proficient in 183 DAFECD, 30 Apr 25 all seven-level tasks (as outlined in CFETP2T2X1), and capable of performing shift supervision roles conducive to assigned rank before award of the 9-skill level."
fleet-management-and-analysis-9d08eaa9d0,3.,5,,"Qualification in and possession of AFSC 2T337. Also, experience in functions such as vehicle fleet management & analysis, quality control, customer service center or maintenance shop work center, obtaining parts and materials for use in vehicle maintenance, and management of leased/rental vehicles and DoD FLEET Fuel Card Program."
fleet-management-and-analysis-9d08eaa9d0,3.,7,,"Qualification in and possession of AFSC 2T357. Also, experience performing or supervising functions such as vehicle fleet management and analysis, quality control, customer service center or maintenance shop work centers, and in obtaining parts and materials for use in vehicle maintenance."
munitions-systems-2d5abb1d1a,3.,5,records,"Qualification in and possession of AFSC 2W031. Also, experience is mandatory in performing functions such as warehousing, accounting, mechanical assembly, electronics, transportation of munitions, use of hand tools, and preparing and maintaining documentation and records for inventory management actions involving manual or automated systems or both."
munitions-systems-2d5abb1d1a,3.,7,records,"Qualification in and possession of AFSC 2W051. Also, experience is mandatory in supervising or performing functions such as receipting, identifying, inspecting, storing, reconditioning, issuing, delivering, maintaining, testing, and assembling guided and unguided munitions; or preparing and maintaining documentation and records for inventory management actions."
munitions-systems-2d5abb1d1a,3.,9,,"Qualification in and possession of AFSC 2W071. Also, experience is mandatory in managing functions such as accountable munitions material operations; munitions storage, maintenance, and assembly functions; munitions inspection; equipment maintenance; line delivery and handling functions; computing levels; automated data processing; or maintaining munitions material management accounts."
aircraft-armament-systems-a446d2c81a,3.,5,,"Qualification in and possession of AFSC 2W131C/E/F/J/K/L/N/Q or Z. Also, experience loading and unloading munitions, or maintaining, repairing, and modifying munitions launch, release, suspension, or aircraft gun systems."
aircraft-armament-systems-a446d2c81a,3.,7,,"Qualification in and possession of AFSC 2W151. Also, experience performing or supervising functions such as loading and unloading munitions, or maintaining, repairing, and modifying munitions launch, release, suspension, or aircraft gun systems."
aircraft-armament-systems-a446d2c81a,3.,9,,"Qualification in and possession of AFSC 2W171. Also, experience managing and controlling functions such as loading and unloading munitions, or maintaining, repairing, and modifying munitions launch, release, suspension, or aircraft gun systems."
nuclear-weapons-5ca6fc1c83,3.,5,,"Qualification in and possession of AFSC 2W231. Also, experience in functions such as inspecting, maintaining, storing, handling, and repairing nuclear weapons, weapon components, and using related test and handling equipment."
nuclear-weapons-5ca6fc1c83,3.,7,,"Qualification in and possession of AFSC 2W251. Also, experience in performing or supervising functions such as inspecting, maintaining, storing, handling, and repairing nuclear weapons, weapon components, and related test and handling equipment."
nuclear-weapons-5ca6fc1c83,3.,9,,"Qualification in and possession of AFSC 2W271 and completion of the Advanced Nuclear Munitions System Course (J3AAR2W291 047X). Also, experience managing nuclear weapons and associated resources to include directing functions such as inspecting, maintaining, storing, handling, repairing nuclear weapons, weapon components, and related test and handling equipment."
electrical-systems-9d5d23640a,3.,5,,"Qualification in and possession of AFSC 3E031. Also, experience in functions such as climbing poles; installing, maintaining, and repairing electrical systems and components; and airfield lighting systems and components."
electrical-systems-9d5d23640a,3.,7,,"Qualification in and possession of AFSC 3E051. Also, experience performing or supervising functions such as climbing poles; installing, maintaining, and repairing electrical systems; and airfield lighting systems and components."
electrical-power-production-4731cc958b,3.,5,,"Qualification in and possession of AFSC 3E032. Also, experience in functions such as operation and maintenance of engines, generators, and distribution components of electric power production equipment and aircraft arresting systems."
electrical-power-production-4731cc958b,3.,7,,"Qualification in and possession of AFSC 3E052. Also, experience performing or supervising function such as operation and repair of electrical power production and aircraft arresting systems."
heating-ventilation-air-conditioning-and-refrigeration-ba546d25c3,3.,5,,"Qualification in and possession of AFSC 3E131. Also, experience in functions such as operation, maintenance, and repair of HVAC/R equipment and control systems."
heating-ventilation-air-conditioning-and-refrigeration-ba546d25c3,3.,7,,"Qualification in and possession of AFSC 3E151. Also, experience performing or supervising functions such as operation, maintenance, and repair of HVAC/R equipment and control systems."
pavements-and-construction-equipment-edf056055f,3.,5,,"Qualification in and possession of AFSC 3E231. Also, experience in functions such as operating tools and equipment to prepare areas for construction and to maintain roads, runways, and grounds; and mixing and placing concrete and bituminous materials."
pavements-and-construction-equipment-edf056055f,3.,7,,"Qualification in and possession of AFSC 3E251. Also, experience performing or supervising functions such as construction equipment operation; special techniques in using construction equipment to prepare areas for constructing and maintaining roads, grounds, and airfield surfaces; or concrete work, soil stabilization, and rigid and flexible pavement construction and maintenance."
structural-da9a967f5d,3.,5,,"Qualification in and possession of AFSC 3E331. Also, experience in functions such as constructing and repairing buildings and heavy structures; erecting prefabricated structures; laying masonry units; mixing, applying, and finishing masonry products; erecting steel; use of protective equipment; and fabricating, installing, and repairing metal components using gas or arc welding equipment."
structural-da9a967f5d,3.,7,,"Qualification in and possession of AFSC 3E351. Also, experience performing or supervising functions such as laying masonry units; carpentry; constructing, erecting, maintenance, and repair of buildings and heavy structures; and planning, installing, repairing, welding, or forging metal components."
water-and-fuel-systems-maintenance-b9fb292c31,3.,5,,"Qualification in and possession of AFSC 3E431, completion of Core Tasks and Career Development Courses is mandatory."
water-and-fuel-systems-maintenance-b9fb292c31,3.,7,,"Qualification in and possession of AFSC 3E451, completion of core tasks, and 7 level web-b a s e d course. Also, experience performing or supervision functions such as operation, maintenance, and repair of liquid fuel systems, natural gas distribution systems, plumbing, water distribution and wastewater collection systems."
pest-management-8b36a47ecf,3.,5,,"Qualification in and possession of AFSC 3E433. Also, experience in functions such as pest surveys, pesticide application, operation and maintenance of pesticide equipment, and pesticide storage"
pest-management-8b36a47ecf,3.,7,,"Qualification in and possession of AFSC 3E453. Also, experience performing or supervising functions such as planning, coordinating integrated pest management activities, and pesticide storage."
fire-protection-df29116934,3.,5,,"Qualification in and possession of AFSC 3E731. Also, experience operating firefighting tools and equipment, extinguishing fires, rescuing personnel, and performing emergency medical care and CPR."
fire-protection-df29116934,3.,7,,"Qualification in and possession of AFSC 3E751. Also, experience performing or supervising fire protection functions."
fire-protection-df29116934,3.,9,,"Qualification in and possession of AFSC 3E771. Also, experience managing fire protection functions."
explosive-ordnance-disposal-08bf7a587b,3.,5,,"Qualification in and possession of AFSC 3E831. Also, experience operating EOD tools/equipment, executing aerospace system response, rendering safe munitions, removing, and treating hazardous unexploded ordnance or decontaminating activities."
explosive-ordnance-disposal-08bf7a587b,3.,7,plans,"Qualification in and possession of AFSC 3E851. Also, experience performing or supervising EOD functions and operations, such as, preparing operational orders/plans, training/organizing/equipping personnel, and conducting response activities."
explosive-ordnance-disposal-08bf7a587b,3.,9,,"Qualification in and possession of AFSC 3E871. Also, experience managing EOD functions or operations, such as, evaluating, planning, organizing and leading EOD activities in the fulfillment of the broad scope of EOD duties and responsibilities."
emergency-management-127fdcde5a,3.,3,,Completion of the basic EM Apprentice course and the CBRN Responders Course.
emergency-management-127fdcde5a,3.,5,,"Completion of the CE 3-Level Common Core Concept; EM Journeyman Distance Learning (DL) Course; FEMA IS-100, IS 200, IS 700, and IS 800 courses; and Automated Readiness Information System (ARIS) training offered by Air Force Civil Engineer Center."
emergency-management-127fdcde5a,3.,7,,Completion of the Craftsman (7-skill level) EM course.
emergency-management-127fdcde5a,3.,9,,Complete of the Superintendent (9-skill level) EM SNCO course.
personnel-44eb30b843,3.,5,,Qualification in and possession of AFSC 3F031 and completion of all core.
personnel-44eb30b843,3.,7,,Qualification in and possession of AFSC 3F051 and completion of all core.
personnel-44eb30b843,3.,9,,"Qualification in and possession of AFSC 3F091. Also, experience managing and operating Personnel programs such as assignments, classifications, promotions, evaluations, readiness, retentions, adverse actions, and casualty operations."
services-a9837611c5,3.,5,,"Qualification in and possession of AFSC 3F131. Also, experience in functions such as preparing, cooking, baking, presenting, and serving food; instructing, planning, officiating, or directing athletic activities; planning, organizing, and conducting recreation programs; securing supplies, facilities, and performers; proper use and maintenance of recreation supplies and equipment; community support functions; unit readiness programs; and APF and NAF budgetary processes and procedures."
services-a9837611c5,3.,7,,"Qualification in and possession of AFSC 3F151. Also, experience performing or supervising food service functions or food preparation, managing fitness and sports programs and activities, recreation and community support operations and programs; managing mortuary programs; managing unit readiness programs; managing APF and NAF budgetary sources, procedures, and processes."
services-a9837611c5,3.,9,,"Qualification in and possession of AFSC 3F171. Also, experience managing and operating Services programs such as food service, fitness and sports, community support, readiness, mortuary, and resource management operations."
education-and-training-ecfffa6219,3.,5,,"Qualification in and possession of AFSC 3F231. Experience conducting or developing education or training programs, and qualification in assigned tasks in education services or unit, base, or maintenance training duty positions (if applicable)."
education-and-training-ecfffa6219,3.,7,,"Qualification in and possession of AFSC 3F251. Experience conducting or developing education or training programs, and qualification in assigned tasks in education services or unit, base, or maintenance training duty positions (if applicable)."
education-and-training-ecfffa6219,3.,9,,"Qualification in and possession of AFSC 3F271. Experience conducting or developing education or training programs, and qualification in assigned tasks in education services or unit, base, or maintenance training duty positions (if applicable)."
manpower-b2b8d6049f,3.,5,,"Qualification in and possession of AFSC 3F331. Also, Manpower Career Development Course (CDC), expands on the initial skills taught in the apprentice course and incorporates commercial off-the-shelf training for greater emphasis on critical thinking and soft skills. (2) Complete two of the following courses: Installation Manpower Office Course (IMOC), Management Engineering (ME) Course, Higher Headquarters Course; (3) Complete all core tasks identified for 5-level using approved AFQTPs; (4) Complete a minimum of 9 months in upgrade training; and (5) obtain supervisor recommendation and commander approval for the award of AFSC 3F351."
manpower-b2b8d6049f,3.,5,,"Qualification in and possession of AFSC 3F351. Experience in analyzing, interpreting, and visualizing data to support mission-critical decision-making processes. Proficiency in statistical software, data science/visualization tools and techniques. Proficiency in industrial engineering and management engineering techniques for analysis of complex data sets."
manpower-b2b8d6049f,3.,9,,"Qualification in and possession of AFSC 3F371/M. Also, (1) Completion of OpusWorks Black Belt training; (2) obtain supervisor recommendation and commander approval for the award of AFSC 3F391. Master Sergeants that hold OpusWorks Black Belt training may be awarded 3F391."
equal-opportunity-189af20d27,3.,7,,"Qualification in and possession of AFSC 3F431. Also, experience performing or supervising functions such as organizing and administering EO programs and instructing on EO and human relations issues."
equal-opportunity-189af20d27,3.,9,,"Qualification in and possession of AFSC 3F471. Also, experience managing equal opportunity programs. Also, completion of the DEOMI EEO Professional ‘Intermediate’ Course and the DEOMI EEO Professional ‘Advanced’ Course (N/A for ARC personnel)."
administration-9832216a98,3.,5,,"Qualification in and possession of AFSC 3F531. Experience performing administrative functions such as office management, human resources, executive support, postal, official mail, other support, and completion of the Administration Journeyman Course."
administration-9832216a98,3.,7,,"Qualification in and possession of AFSC 3F551. Experience supervising, performing administrative functions and completion of the Administration Craftsman Course."
administration-9832216a98,3.,9,,Qualification in and possession of AFSC 3F571. Experience managing and directing administrative functions.
historian-35405d2d74,3.,9,,"Qualification in and possession of AFSC 3H071. Also, experience documenting wartime or contingency operations, developing training, mentoring subordinates, and directing and managing historical programs."
public-affairs-121f40b568,3.,5,,Qualification in and possession of AFSC 3N036. Experience supervising and performing Public Affairs functions.
public-affairs-121f40b568,3.,7,,Qualification in and possession of AFSC 3N056. Experience managing and directing Public Affairs functions.
regional-band-63c8aa4d5f,3.,5,,"Qualification in and possession of AFSC 3N131X. Experience performing as an instrumentalist, music arranger, vocalist, or audio and lighting engineer, as well as experience performing other band activities."
regional-band-63c8aa4d5f,3.,7,,"Qualification in and possession of AFSC 3N151X. Experience performing as an instrumentalist, music arranger, vocalist, or audio and lighting engineer, as well as experience performing other band activities. Also, experience supervising and performing with band, choruses, or similar groups."
regional-band-63c8aa4d5f,3.,9,,"Qualification in and possession of AFSC 3N171X. Experience directing and planning functions such as providing musical services, training musical groups, and performing administrative functions. Also, experience supervising and performing with bands, choruses, or similar groups."
regional-band-63c8aa4d5f,3.,0,,Qualification in and possession of 3N191 AFSC. Experience in managing and directing band and administrative functions.
premier-band-the-usaf-band-f3ff67885a,3.,5,,"This AFSC is not used except under extraordinary circumstance such as, but not limited to, demotion. Consult with CFM prior to award."
premier-band-the-usaf-band-f3ff67885a,3.,7,,"Pre-qualification via standardized audition process and assignment to The United States Air Force Band. Pre-qualification demonstrates experience performing as an instrumentalist, music arranger, vocalist, or audio engineer."
premier-band-the-usaf-band-f3ff67885a,3.,9,,"Qualification in and possession of AFSC 3N271. Experience directing and planning band activities such as providing musical services, training musical groups, and performing administrative functions. Also, experience supervising and performing with bands, choruses, or similar groups."
premier-band-the-usaf-academy-band-0b12318f74,3.,5,,"This AFSC is not used except under extraordinary circumstances such as, but not limited to, demotion. Consult with CFM prior to award."
premier-band-the-usaf-academy-band-0b12318f74,3.,7,,"Pre-qualification via standardized audition process and assignment to The United States Air Force Academy Band. Pre-qualification demonstrates experience performing as an instrumentalist, music arranger, vocalist, or audio engineer."
premier-band-the-usaf-academy-band-0b12318f74,3.,9,,"Qualification in and possession of AFSC 3N371. Experience directing and planning band activities such as providing musical services, training musical groups, and performing administrative functions. Also, experience supervising and performing with bands, choruses, or similar groups."
premier-band-the-usaf-academy-band-0b12318f74,3.,0,,Qualification in and possession of 3N391 AFSC. Experience in managing and directing band and administrative functions.
security-forces-1962627fb5,3.,5,,Qualification in and possession of AFSC 3P031.
security-forces-1962627fb5,3.,5,,Qualification in and possession of AFSC 3P031A.
security-forces-1962627fb5,3.,5,,Qualification in and possession of AFSC 3P031B.
security-forces-1962627fb5,3.,7,,"Qualification in and possession of AFSC 3P051/A. Also, experience supervising or performing functions such as weapon systems and resource security, air base defense, law enforcement, military working dog functions, or combat arms functions."
security-forces-1962627fb5,3.,7,,"Qualification in and possession of AFSC 3P051B and AFSC 3P071. Also, completion of the Combat Arms Training and Maintenance 7 level Job Qualification Standards as defined by Career Field Manager."
security-forces-1962627fb5,3.,9,,"Qualification in and possession of AFSC 3P071. Also, experience in leading and directing SF activities."
health-services-management-04544b0bb6,3.,5,,Qualification in and possession of AFSC 4A031.
health-services-management-04544b0bb6,3.,7,,"Qualification in and possession of AFSC 4A051. Also, experience supervising a Health Services Management Function and maintenance/management of healthcare-related systems."
health-services-management-04544b0bb6,3.,9,,"Qualification in and possession of AFSC 4A071. Also, experience managing a Health Services Management Function, associated healthcare-related systems, and personnel."
medical-materiel-128b2453d8,3.,5,,Qualification in and possession of AFSC 4A131.
medical-materiel-128b2453d8,3.,7,,Qualification in and possession of AFSC 4A151.
medical-materiel-128b2453d8,3.,9,,"Qualification in and possession of AFSC 4A171. Also, experience managing all medical materiel functions."
mental-health-service-e735830fb6,3.,5,,"Qualification in and possession of AFSC 4C031. A minimum of 9 months experience. Also, experience administering, scoring, and reporting psychological test results; interviewing patients to obtain biopsychosocial history, personal information; experience conducting briefings, and assisting professional staff to carry out prescribed treatment plan. Achievement of competency in all required tasks."
mental-health-service-e735830fb6,3.,7,,"Qualification in and possession of AFSC 4C051. Also, experience supervising mental health service activities. Advanced experience interviewing patients, assisting in patient treatment, conducting mental health and substance abuse prevention and counseling."
mental-health-service-e735830fb6,3.,9,,"Qualification in and possession of AFSC 4C071. Also, experience managing mental health service activities. CADC certification (SEI 475) is required for upgrade to 9-level. Note: AFRC and ANG members are not required to obtain their CADC certification. AFRC and ANG members are required to obtain and maintain appropriate certification such as the Mental Health Technician Certification or similar national/state certification."
diet-therapy-0d15aedd48,3.,5,,"Qualification in and possession of AFSC 4D031. Also, experience in menu, diet planning, preparing, cooking, and serving regular and therapeutic diets. The following certifications are mandatory:"
diet-therapy-0d15aedd48,3.,7,,"Qualification in and possession of AFSC 4D051. Also, experience supervising nutritional medicine service 3activities, such as scheduling and food service accounting."
diet-therapy-0d15aedd48,3.,9,,"Qualification in and possession of AFSC 4D071. Also, experience managing functions such as food production, clinical nutrition, and financial accounting."
public-health-3682dc3c36,3.,5,,"Qualification in and possession of AFSC 4E031. Also, experience in functions such as routine food safety and defense inspection; sanitary evaluations; communicable disease control and disease intervention; occupational health; force health management activities, medical entomology programs and deployment health programs."
public-health-3682dc3c36,3.,7,,"Qualification in and possession of AFSC 4E051. Also, experience performing public health programs."
public-health-3682dc3c36,3.,9,,"Qualification in and possession of AFSC 4E071. Also, experience managing public health activities."
respiratory-care-practitioner-9fdac629f2,3.,5,,Qualification in and possession of AFSC 4H031. A minimum of 6 months experience (6 months’ for retrainees).
respiratory-care-practitioner-9fdac629f2,3.,7,,Qualification in and possession of AFSC 4H051. A minimum of 6 months experience. Experience in performing and supervising diagnostic and therapeutic procedures/tasks to care for and treat a broad spectrum of cardiopulmonary patients.
respiratory-care-practitioner-9fdac629f2,3.,9,,Qualification in and possession of AFSC 4H071. Advanced experience in supervision and oversight of performance of diagnostic and therapeutic procedures/tasks to care for and treat a broad spectrum of cardiopulmonary patients. Includes operational experience on a wide array of cardiopulmonary and respiratory therapy equipment.
physical-medicine-63da66c178,3.,3,,Qualification in and possession of AFSC 4J052 or higher.
physical-medicine-63da66c178,3.,5,,"Qualification in and possession of AFSC 4J032. Also, experience in functions such as administering patient care."
physical-medicine-63da66c178,3.,5,,"Qualification in and possession of AFSC 4J032A. Also, experience in functions such as fabricating, adjusting, and repairing orthopedic orthoses."
physical-medicine-63da66c178,3.,7,,"Qualification in and possession of AFSC 4J052. Also, experience performing or supervising functions within the physical therapy or occupational therapy element."
physical-medicine-63da66c178,3.,7,,"Qualification in and possession of AFSC 4J052A. Also, experience performing or supervising functions within the orthotic element."
physical-medicine-63da66c178,3.,9,,"Qualification in and possession of AFSC 4J072 or 4J072A. Also, experience managing functions within the physical therapy, occupational therapy, or orthotic element."
aerospace-medical-service-ea4d2c24d8,3.,9,,Qualification in and possession of AFSC 4N071/71X. Experience managing functions such as medical and related patient care and administrative activities.
surgical-technologist-fce66c63aa,3.,9,,"Qualification in and possession of AFSC 4N171/71X. Also, experience managing functions such as medical, surgical, and related patient care and administrative activities."
pharmacy-f5dc32fabd,3.,5,,"Qualification in and possession of AFSC 4P031. Also, experience in preparing, storing, or dispensing medications."
pharmacy-f5dc32fabd,3.,7,,"Qualification in and possession of AFSC 4P051. Also, experience performing or supervising function such as compounding, storing, or dispensing medicinal preparations."
pharmacy-f5dc32fabd,3.,9,,"Qualification in and possession of AFSC 4P071. Also, experience managing functions such as those involved in administrative and technical pharmacy operations."
diagnostic-imaging-5004c2d106,3.,5,,"Qualification in and possession of AFSC 4R031. Also, experience operating x-ray equipment, and producing and processing radiographs."
diagnostic-imaging-5004c2d106,3.,7,,"Prior qualification in and possession of AFSC 4R051. Also, experience performing or supervising functions such as producing radiographs, assisting with fluoroscopy and special radiographic procedures."
diagnostic-imaging-5004c2d106,3.,9,,"Prior qualification in and possession of AFSC 4R071N, 4R071, 4R071A, 4R071B, 4R071C, 4R071D,4R071E or 4R071F. Also, experience managing radiologic, nuclear medicine, ultrasound, MRI, Mammography, Interventional Radiography or Computed Tomography functions and activities; mandatory experience of medical service organization and function, medical administrative procedures, medical supply procedures, medical equipment management procedures, personnel management and administration. Adherence to Nuclear Regulatory Commission regulations governing medical use of radioisotopes, applicable environmental protection standards, preparation for execution of budgets, management of non-military personnel, and applicable accreditation standards and inspection procedures."
medical-laboratory-5614d4161c,3.,5,,"Qualification in and possession of AFSC 4T031. Also, experience in performing functions in urinalyses, hematology, bacteriology, serology, and chemistry."
medical-laboratory-5614d4161c,3.,7,tests,"Qualification in and possession of AFSC 4T051. Also, experience performing or supervising functions such as work normally performed in a routine clinical laboratory (class A dispensary or hospital); specialty performance of tests or technical supervisory experience in clinical chemistry, bacteriology, toxicology, or virology at class A, class B, or analogous laboratory; or combination of foregoing types of experience."
histopathology-fb7cf672ac,3.,5,,Qualification in and in possession of AFSC 4T032.
histopathology-fb7cf672ac,3.,7,,Qualification in and in possession of AFSC 4T052.
histopathology-fb7cf672ac,3.,9,,Qualification in and possession of either AFSC 4T071 or 4T072 is mandatory.
histopathology-fb7cf672ac,3.,5,,"No mandatory AETC training courses are required for upgrade, but members must maintain HT certification."
histopathology-fb7cf672ac,3.,7,,"No mandatory AETC training courses are required for upgrade, but members must maintain HT certification."
histopathology-fb7cf672ac,3.,9,,"No mandatory AETC training courses are required for upgrade, but members must maintain HT certification."
ophthalmic-a0ea771f6f,3.,5,,"Qualification in and possession of AFSC 4V031/S. Also, proficiency through on-the-job training of all applicable optometry tasks listed in 4V0X1/S CFETP. Experience in caring for and treating ophthalmic patients and in operating and maintaining ophthalmic equipment such as lensometers, vision screening instruments, visual field measuring instruments, tonometers, and fitting optical and ophthalmic devices."
ophthalmic-a0ea771f6f,3.,5,,"Qualification in and possession of AFSC 4V031/S. Proficiency through on-the-job training of all applicable ophthalmology tasks listed in 4V0X1/S CFETP. Experience as an ophthalmic surgical assistant in preparing preoperative and postoperative patients; injectable ophthalmic anesthetics and antibiotics; performing suture removal and obtaining eye cultures. Also, experience in performing ancillary testing such as ocular ultrasonography, retinal imaging, slit lamp photography, and flourescein angiography."
ophthalmic-a0ea771f6f,3.,7,,"Qualification in and possession of AFSC 4V051/S. Also, experience performing or supervising ophthalmic functions such as caring for and treating patients, operating ophthalmic testing equipment, and fitting optical and ophthalmic devices."
ophthalmic-a0ea771f6f,3.,9,,"Qualification in and possession of AFSC 4V071/S. Also, experience managing optometry or ophthalmology activities."
dental-assistant-0d7813bb4e,3.,5,,"Qualification in and possession of AFSC 4Y031. Also, experience in functions such as assisting the dentist in the delivery of patient treatment, exposing dental radiographs, performing oral prophylaxis procedures, and maintaining dental equipment."
dental-assistant-0d7813bb4e,3.,7,,"Qualification in and possession of AFSC 4Y051. Also, experience performing and supervising functions such as assisting the dentist in the delivery of patient treatment, exposing dental radiographs, and performing oral prophylaxis procedures and dental administrative duties."
dental-laboratory-d0fef3975a,3.,5,,"Qualification in and possession of AFSC 4Y032. Also, experience fabricating prosthodontic restorations, including fixed, removable, and orthodontic appliances."
dental-laboratory-d0fef3975a,3.,7,,"Qualification in and possession of AFSC 4Y052. Also, experience performing and supervising functions such as fabricating and repairing dental prostheses and appliances."
paralegal-76a3f1a619,3.,5,records,"Qualification in and possession of AFSC 5J031. Basic to intermediate level competency in organizational management (training, leadership, personnel and office management), compliance (records, and case management), legal tenants (communication, legal research and analysis, legal writing, interview protocol), and areas of practice (civil law and litigation, military justice and discipline, operations and international law)."
paralegal-76a3f1a619,3.,7,records,"Qualification in and possession of AFSC 5J051. Intermediate to advanced level competence in organizational management (training, leadership, personnel and office management), compliance (records and case management), legal tenants (communication, legal research and analysis, legal writing, interview protocol), and areas of practice (civil law and litigation, military justice and discipline, operations and international law)."
paralegal-76a3f1a619,3.,9,records,"Qualification in and possession of AFSC 5J071. Advanced to expert level competency in organizational management (training, leadership, personnel and office management), compliance (records and case management), legal tenants (communication, legal research and analysis, legal writing, interview protocol), and areas of civil law and litigation, military justice and discipline, operations and international law)."
religious-affairs-7e769865db,3.,5,,"Qualification in and possession of AFSC 5R031. Experience in religious program management, advising leadership, crisis intervention counseling and unit engagement. Observable behaviors should align with intermediate occupational competency level."
religious-affairs-7e769865db,3.,7,,"Qualification in and possession of AFSC 5R051. Experience in managing personnel and resources to advise leadership, conducting crisis intervention counseling, engaging in units, and managing religious programs, which align with the advanced occupational competency levels."
religious-affairs-7e769865db,3.,9,,"Qualification in and possession of AFSC 5R071. Experience in leading and managing Chaplain Corps activities, with observable behaviors at the expert occupational competency levels."
financial-management-and-comptroller-9b65df751b,3.,5,,"Qualification in and possession of AFSC 6F031. Experience in financial management such as customer service, document and voucher processing, computation, systems, funds control, reporting, reconciliation, and follow-up."
financial-management-and-comptroller-9b65df751b,3.,7,,"Qualification in and possession of AFSC 6F051. Experience in performing or supervising activities of financial management such as customer service, financial analysis document and voucher processing, computation, systems, funds control, reporting, reconciliation, and follow-up."
financial-management-and-comptroller-9b65df751b,3.,9,,Qualification in and possession of AFSC 6F071. Experience managing or directing financial management activities.
special-investigations-0b5432dff9,3.,7,,"Qualification in and possession of AFSC 7S031. Also, experience performing and supervising functions such as investigations or inquiries."
special-investigations-0b5432dff9,3.,9,,"Qualification in and possession of AFSC 7S071. Also, experience managing special investigations, activities, criminal, economic, and environmental crime investigations, counterintelligence, force protection, PDD, computer crime, and technical services."
premier-honor-guard-17e5ac16c8,3.,5,,"Qualification in and possession of AFSC 8G031X. Also, experience performing funerals and ceremonies, firearms security and handling."
premier-honor-guard-17e5ac16c8,3.,7,,"Qualification in and possession of AFSC 8G051X. Also, experience supervising, teaching, and scheduling funerals, ceremonies, and honor guard operations."
premier-honor-guard-17e5ac16c8,3.,9,,"Qualification in and possession of AFSC 8G071. Also, experience managing and controlling honor guard operations, missions, and programs."
cyber-operations-bd3b3e2f73,3.,5,,"Defensive Cyber Operations, qualification in and possession of 5C031D and experience performing DCO functions."
cyber-operations-bd3b3e2f73,3.,7,,"Defensive Cyber Operations, qualification in and possession of 5C051D and experience performing DCO functions."
cyber-operations-bd3b3e2f73,3.,5,,"RF Operations, qualification in and possession of 5C031R and experience performing operational RF/SATCOM functions."
cyber-operations-bd3b3e2f73,3.,7,,"RF Operations, qualification in and possession of 5C051R and experience performing operational RF/SATCOM functions."
cyber-operations-bd3b3e2f73,3.,5,,"Systems Operations, qualification in and possession of 5C031S and experience performing operational Systems functions."
cyber-operations-bd3b3e2f73,3.,7,,"Systems Operations, qualification in and possession of 5C051S and experience performing operational Systems functions."
cyber-operations-bd3b3e2f73,3.,5,,"Network Operations, qualification in and possession of 5C031N and experience performing operational Network functions."
cyber-operations-bd3b3e2f73,3.,7,,"Network Operations, qualification in and possession of 5C051N and experience performing operational Network functions."
all-source-analyst-c952912080,3.,5,,Qualification in and possession of specialty code 5I031.
all-source-analyst-c952912080,3.,7,,Qualification in and possession of specialty code 5I051.
all-source-analyst-c952912080,3.,5,,Qualification in and possession of specialty code 5I131.
all-source-analyst-c952912080,3.,7,,"Qualification in and possession of specialty code 5I151. Also, experience training or supervising exploitation team activities in support of geospatial intelligence production."
all-source-analyst-c952912080,3.,7,,"Qualification in and possession of 5I851. Also, experience training or supervising exploitation team activities in support of geospatial intelligence production."
cryptologic-analyst-44727711d5,3.,5,,Qualification in and possession of specialty code 5I231.
cryptologic-analyst-44727711d5,3.,5,,Qualification in and possession of 5I231A.
cryptologic-analyst-44727711d5,3.,5,,Qualification in and possession of 5I231C.
cryptologic-analyst-44727711d5,3.,7,,Qualification in and possession of 5I251A.
cryptologic-analyst-44727711d5,3.,7,,Qualification in and possession of 5I251C.
cryptologic-analyst-44727711d5,3.,3,,"For award, completion of the Digital Network Intelligence Analysis Apprentice course and Joint Cyber Analysis Course (JCAC) or Career Field Manager approval are required."
cryptologic-analyst-44727711d5,3.,3,,Completion of the Analysis and Production Apprentice courses.
cryptologic-analyst-44727711d5,3.,7,,Qualification in and possession of 5I451A and experience performing or supervising cryptologic activities.
cryptologic-analyst-44727711d5,3.,7,,Qualification in and possession of 5I451B and experience performing or supervising cryptologic activities.
space-systems-operations-cd107b4dea,3.,5,,"Qualification in and possession of specialty code 5S031, 1 year of experience in a 5S0X1 position, and ability to recommend space capabilities for integration in the joint/operational planning process to achieve CCMD objectives."
space-systems-operations-cd107b4dea,3.,7,,Qualification in and possession of specialty code 5S051 and experience performing or supervising space systems operations functions and activities and assist in the development and integration of TTPs into operations.
